type,name,module,path,hash
"csv","agent-manifest","_cfg","bmad/_cfg/agent-manifest.csv","13a11a07659610cffd651342b26290ea8ba7fefedd664f065a4b0cd834702633"
"csv","manifest","_cfg","bmad/_cfg/manifest.csv",""
"csv","task-manifest","_cfg","bmad/_cfg/task-manifest.csv","0780fcea9f6fb74f3328320dc94c83a600cf61fb3add94dc267d0081372871ab"
"csv","workflow-manifest","_cfg","bmad/_cfg/workflow-manifest.csv","5c2e9b3f612008a5c59b4a1fc0a784aea1b838dc2546e354cbb215220487e122"
"md","bmm-analyst","_cfg","bmad/_cfg/agents/bmm-analyst.md","a65422317acb9a2d4945701bf0df905c22aec1df8c9defc43c92e980743c2315"
"md","bmm-architect","_cfg","bmad/_cfg/agents/bmm-architect.md","df9428e30c60b8f557ed86858ec3f46c3e1d8fc6d7cdd9f76c14c0fa5daa1e9d"
"md","bmm-dev","_cfg","bmad/_cfg/agents/bmm-dev.md","f6e3d181fee0b7c195ec7b4a075e97f22c9f7a63471545276938e91852adb369"
"md","bmm-game-architect","_cfg","bmad/_cfg/agents/bmm-game-architect.md","20ae84dc694ed95fba98f46c8dcc34d06cba0aa711d266d4ecf3f59265c3f347"
"md","bmm-game-designer","_cfg","bmad/_cfg/agents/bmm-game-designer.md","043b06d991d1be57ddcdc131a75ad420438fdf44b52a69205c1db437faad7636"
"md","bmm-game-dev","_cfg","bmad/_cfg/agents/bmm-game-dev.md","1000ae6fa8faee813199dc1ad0491fedbc0c3f77207b2a936cbae7adfe82306a"
"md","bmm-pm","_cfg","bmad/_cfg/agents/bmm-pm.md","e1efc4d85bdf88626619731d61647cb484fe615b4eb1cdf0e8ce36670cd1dc0e"
"md","bmm-po","_cfg","bmad/_cfg/agents/bmm-po.md","85e2e285086a98992bd2da1ebe16998a85929a69cedbad3f7a0aaaff5f13d1a2"
"md","bmm-sm","_cfg","bmad/_cfg/agents/bmm-sm.md","b2698f7e1258b2758ba168057cd7b22ad5e2b76459258627a9113c9b9512b874"
"md","bmm-tea","_cfg","bmad/_cfg/agents/bmm-tea.md","4727eee4f9deaa49e9bf86fe8a2bb4d72594bdf3dc75d3db13f60830985d94de"
"md","bmm-ux-expert","_cfg","bmad/_cfg/agents/bmm-ux-expert.md","e644dc55e76ef1cce0cfbad51b2ba26018908cae169ecfce6a4a07d07904a523"
"md","cis-brainstorming-coach","_cfg","bmad/_cfg/agents/cis-brainstorming-coach.md","3be9be8efe64118ef434dd6cc1b039c896264fe7d03bb9ab6daea3e0777d9ee9"
"md","cis-creative-problem-solver","_cfg","bmad/_cfg/agents/cis-creative-problem-solver.md","44d054a1822c732ee7ce8690eafba2e6e99cbdd9f04141b14fe4641c2fe77ab2"
"md","cis-design-thinking-coach","_cfg","bmad/_cfg/agents/cis-design-thinking-coach.md","1ee68eecb3fa285743a7353cfcc5b17dc28f7509b42df012a6cd5e60e6e430b7"
"md","cis-innovation-strategist","_cfg","bmad/_cfg/agents/cis-innovation-strategist.md","7cad5a37e156fc9f6d60373c82be45055f4601daae38f76aef4e3cfa1fe97a93"
"md","cis-README","_cfg","bmad/_cfg/agents/cis-README.md","f06b68dc839bbad5a5dae74e184b8932517614fbd17845197a9e1487bc14bb49"
"md","cis-storyteller","_cfg","bmad/_cfg/agents/cis-storyteller.md","165149b288f6f0034ac79a854dd7cdc5014061b5b2d31f9a6164733c713ac009"
"md","core-bmad-master","_cfg","bmad/_cfg/agents/core-bmad-master.md","af6d88b198abf8528f77ab5509eb2f89863633f9c5794661eee698c6a526dbb2"
"yaml","manifest","_cfg","bmad/_cfg/manifest.yaml","15d2ae80b1cbd1b71b26907d6dbc56f34101d965dfed4c8de854a5e4bfbe444c"
"csv","game-brain-methods","bmm","bmad/bmm/workflows/1-analysis/brainstorm-game/game-brain-methods.csv","9dd6c853bcd04038223abf0263c465381dace3c9b13c9eb637f22ce9dc93210e"
"csv","game-types","bmm","bmad/bmm/workflows/2-plan/gdd/game-types.csv","a44c04d09432c886a7a5a8112474bd32540d8e84de25b308dca0f96e570651fd"
"csv","project-types","bmm","bmad/bmm/workflows/3-solutioning/project-types/project-types.csv","dd3f3b1daf06b09e79691c513e83c8256df1cc79147f2f05cadb3704c7e4cb9d"
"csv","registry","bmm","bmad/bmm/workflows/3-solutioning/templates/registry.csv","d6b3611fc60d2ce45abca3b9cbd2ce8308005ffc913c9bc19df7b180accdd249"
"csv","tea-index","bmm","bmad/bmm/testarch/tea-index.csv","1e98d260bbd875c6245e650be95a5bd626320957d5fe3e4fdc6f2d31d9558ea1"
"md","action-platformer","bmm","bmad/bmm/workflows/2-plan/gdd/game-types/action-platformer.md","f1cbe9e9a52acd01ff120d05ce22fa81b30500933f62a3c6c36642280244057c"
"md","ADR-template","bmm","bmad/bmm/workflows/3-solutioning/ADR-template.md","c43213a6f4c1e6a0afbfb5dab26505a385966cfa15e2c468d8c174b4a5161995"
"md","adventure","bmm","bmad/bmm/workflows/2-plan/gdd/game-types/adventure.md","06aa57786c2e7ebc7580d501fcdefaabb28933c7b5785d6643bf643f58ae13e7"
"md","analysis-template","bmm","bmad/bmm/workflows/2-plan/prd/analysis-template.md","702fddd00b56a74e3f884f382c4c16a1f34804607392c17ff186e0742da4321d"
"md","analyst","bmm","bmad/bmm/agents/analyst.md","ca0331584c273483ff252887afa8c6b5639412878d06d2142c460ccd71485e19"
"md","architect","bmm","bmad/bmm/agents/architect.md","8991b33ba4a451a1cd227912ce6a0c04beffd446df4bf16dfbe70b55c4d35fbe"
"md","backend-questions","bmm","bmad/bmm/workflows/3-solutioning/project-types/backend-questions.md","7c8a6c35ffde58440ba5df2f14ca5ea2421f6d1341b53e372fcb2cebbe1c5cdc"
"md","backend-service-architecture","bmm","bmad/bmm/workflows/3-solutioning/templates/backend-service-architecture.md","bb1688916680cfe3d723d6991d68bf288931dc27713b5f5f27ec08955a57ef4f"
"md","backlog_template","bmm","bmad/bmm/workflows/4-implementation/review-story/backlog_template.md","84b1381c05012999ff9a8b036b11c8aa2f926db4d840d256b56d2fa5c11f4ef7"
"md","bmm-competitor-analyzer","bmm","bmad/bmm/workflows/1-analysis/research/claude-code/sub-agents/bmm-competitor-analyzer.md","82d80930d8ed89d3b58616e53fc6f6f2788fd2fe88a08cff41a1500ff640201c"
"md","bmm-data-analyst","bmm","bmad/bmm/workflows/1-analysis/research/claude-code/sub-agents/bmm-data-analyst.md","a50ddc2dca39cc36289a43ff9c635ab5304e50b60174fa4fc34254d86464599e"
"md","bmm-market-researcher","bmm","bmad/bmm/workflows/1-analysis/research/claude-code/sub-agents/bmm-market-researcher.md","8993d2b104e1aca7b9407d9ab1af8958397c7abdf673b68756747f6d795ae929"
"md","bmm-trend-spotter","bmm","bmad/bmm/workflows/1-analysis/research/claude-code/sub-agents/bmm-trend-spotter.md","375ec3502fadd7f8e2403e71707ece5bbad703ee60360c068f9cf90fe409d6fa"
"md","bmm-user-researcher","bmm","bmad/bmm/workflows/1-analysis/research/claude-code/sub-agents/bmm-user-researcher.md","7f4733add8e3d89546e9769a7b0d259d73c262876ac64aff04d51e3094032afb"
"md","card-game","bmm","bmad/bmm/workflows/2-plan/gdd/game-types/card-game.md","6b9298ace2607c8e93d64533e6406828053234282e4977e4407faa2e9302fd0a"
"md","checklist","bmm","bmad/bmm/workflows/1-analysis/game-brief/checklist.md","3516d66cffceb3e5ab23e1ddc9aaed8c0335eb0755e7437488cdebff96162395"
"md","checklist","bmm","bmad/bmm/workflows/1-analysis/product-brief/checklist.md","d801d792e3cf6f4b3e4c5f264d39a18b2992a197bc347e6d0389cc7b6c5905de"
"md","checklist","bmm","bmad/bmm/workflows/1-analysis/research/checklist.md","0524c5a0ea841d9b98b6f5a5cec095d0ecbd35779aa0ae079f6a81d36af16389"
"md","checklist","bmm","bmad/bmm/workflows/2-plan/checklist.md","f42eeb00f8ca8c85cc1727e4198e72c7f98b142988ebd32747e5b3e911e45364"
"md","checklist","bmm","bmad/bmm/workflows/3-solutioning/checklist.md","fef7232e7c0da80a02241ae4c00af6f11e4985b0ac49bddabf3fee1172aac426"
"md","checklist","bmm","bmad/bmm/workflows/3-solutioning/tech-spec/checklist.md","07e61427814d7f97c86dc02f4c9caedbe725b2dd5b8876d5371371f872a81aed"
"md","checklist","bmm","bmad/bmm/workflows/4-implementation/correct-course/checklist.md","d883f8c21b6315fe2296a5b250913adfbbf43d3387053e94f60051b5198989a3"
"md","checklist","bmm","bmad/bmm/workflows/4-implementation/create-story/checklist.md","05a34bdba17b85b34402e5202f388534b7b277f9f81a87821a6e80d4f455ecf6"
"md","checklist","bmm","bmad/bmm/workflows/4-implementation/dev-story/checklist.md","77cecc9d45050de194300c841e7d8a11f6376e2fbe0a5aac33bb2953b1026014"
"md","checklist","bmm","bmad/bmm/workflows/4-implementation/review-story/checklist.md","549f958bfe0b28f33ed3dac7b76ea8f266630b3e67f4bda2d4ae85be518d3c89"
"md","checklist","bmm","bmad/bmm/workflows/4-implementation/story-context/checklist.md","89c90d004e0649624a533d09604384c297b2891847c87cf1dcb358e9c8d0d723"
"md","ci-burn-in","bmm","bmad/bmm/testarch/knowledge/ci-burn-in.md","42e14a03d84563ed9dffc618959b71fcfb35b6aef2e5e3a713335b96ad7709a5"
"md","cli-questions","bmm","bmad/bmm/workflows/3-solutioning/project-types/cli-questions.md","f83b13181eb4b62085e3d8ffa046359f99d2631b6c2d6141da14e15d82d0b84d"
"md","cli-tool-architecture","bmm","bmad/bmm/workflows/3-solutioning/templates/cli-tool-architecture.md","bb1688916680cfe3d723d6991d68bf288931dc27713b5f5f27ec08955a57ef4f"
"md","component-tdd","bmm","bmad/bmm/testarch/knowledge/component-tdd.md","c2d1ea48b2d43abb0cee67b139827d3f9d8ea55203a7e6e9a9f87f0c9e717e2e"
"md","contract-testing","bmm","bmad/bmm/testarch/knowledge/contract-testing.md","b0c4de2d61a9c278e82cac49d26b82019db1ae594615ebce4bf8d04657e9fc2d"
"md","daily-standup","bmm","bmad/bmm/tasks/daily-standup.md","310b26505703cb2cdfc072bb3522f897480969e688acf443f5721c488fb1b731"
"md","data-factories","bmm","bmad/bmm/testarch/knowledge/data-factories.md","714ab838ee4d409fd9dfe5189ccd4adb5aef12bdea7bc5ca8adb6c2a2bc84a98"
"md","data-pipeline-architecture","bmm","bmad/bmm/workflows/3-solutioning/templates/data-pipeline-architecture.md","bb1688916680cfe3d723d6991d68bf288931dc27713b5f5f27ec08955a57ef4f"
"md","data-questions","bmm","bmad/bmm/workflows/3-solutioning/project-types/data-questions.md","bf8c36fb0cf622d7f36c590056cfcbd8cf667450d00d4a27a81c6776210fa6cb"
"md","desktop-app-architecture","bmm","bmad/bmm/workflows/3-solutioning/templates/desktop-app-architecture.md","bb1688916680cfe3d723d6991d68bf288931dc27713b5f5f27ec08955a57ef4f"
"md","desktop-questions","bmm","bmad/bmm/workflows/3-solutioning/project-types/desktop-questions.md","f5a50f1169cef74f0c20aca0216615dfef173bd19fb47f64f9432be69f6271ec"
"md","dev","bmm","bmad/bmm/agents/dev.md","4402d4cb6a6d2a5bad6ecc001197fabc77ccbcce451e5b5a48a3dc56125d4e67"
"md","email-auth","bmm","bmad/bmm/testarch/knowledge/email-auth.md","7d0cc4d8e810f5f18d0654dc3f1ae306e73ef63b40a58a0f094c60b3a4cd309d"
"md","embedded-firmware-architecture","bmm","bmad/bmm/workflows/3-solutioning/templates/embedded-firmware-architecture.md","bb1688916680cfe3d723d6991d68bf288931dc27713b5f5f27ec08955a57ef4f"
"md","embedded-questions","bmm","bmad/bmm/workflows/3-solutioning/project-types/embedded-questions.md","fc9a01b298f59bb26aa22e64006f5c6ec8ac6eec327eec92114b7a7f8940a507"
"md","epics-template","bmm","bmad/bmm/workflows/2-plan/prd/epics-template.md","93652c367a4138d94eebbea149c9cfc4d81cd08c8ea228ba57232275de2822be"
"md","error-handling","bmm","bmad/bmm/testarch/knowledge/error-handling.md","d3301196502dc5b6ddae56a3fbdcfce04589c28890cf1ea7f70d2591e2cf2ff6"
"md","extension-questions","bmm","bmad/bmm/workflows/3-solutioning/project-types/extension-questions.md","0c0cead79ad35d0d09b72f712b64f97a78838c9a4b58975d81c4ed3e755e6637"
"md","feature-flags","bmm","bmad/bmm/testarch/knowledge/feature-flags.md","2d97b8939d573e62c045ee8aaa98aa2b6b2e027b878636e6615619864bcebf70"
"md","fighting","bmm","bmad/bmm/workflows/2-plan/gdd/game-types/fighting.md","52e5a142aac496ae7154fc0829bfbce1ef22296f0a464cf8e595aa14ca02eb86"
"md","fixture-architecture","bmm","bmad/bmm/testarch/knowledge/fixture-architecture.md","1d3f12a29a0c1fa3737bf7e85a99691b0b2543d3693024595569cc8aae4eae07"
"md","game-architect","bmm","bmad/bmm/agents/game-architect.md","cdbff274478bfdc63f9c5670d46ee60660af0ba8e8412a0e300bd8edabdd3d37"
"md","game-context","bmm","bmad/bmm/workflows/1-analysis/brainstorm-game/game-context.md","d0f5cb4d6151bb65b799676281ea2af0fe1b5ec227c92ceba655ba363e18a0ba"
"md","game-designer","bmm","bmad/bmm/agents/game-designer.md","07403b6a17fa5e6503d9bf0f3da05571b48d3e1d9b241c089013c7aefbdf218a"
"md","game-dev","bmm","bmad/bmm/agents/game-dev.md","a50ef86de42387e637b0717907fb12fa85ec4285f61441a5364b463d38cb2ba7"
"md","game-engine-architecture","bmm","bmad/bmm/workflows/3-solutioning/templates/game-engine-architecture.md","999e59b8c7196d731243565806ebcbea769fcac7d352ae31f16dedf5dc252ab4"
"md","game-engine-godot-guide","bmm","bmad/bmm/workflows/3-solutioning/templates/game-engine-godot-guide.md","fb178ab700dab8ead1c00eb69f360d06982d7ac2aa5d333076ec07f279c2c459"
"md","game-engine-unity-guide","bmm","bmad/bmm/workflows/3-solutioning/templates/game-engine-unity-guide.md","5a444408dac577a50bd443f3027cc362e402df42f8254b410d1b9d0ba4d8ed14"
"md","game-engine-web-guide","bmm","bmad/bmm/workflows/3-solutioning/templates/game-engine-web-guide.md","6ba56a0d294d4798301af4a9126a69ed18e6c05899a9c4c6d518bba1de33801d"
"md","game-questions","bmm","bmad/bmm/workflows/3-solutioning/project-types/game-questions.md","fff3446cbd0c821d5e7608e274f7653c87752f3644268475b16bae0fd35bf837"
"md","gdd-template","bmm","bmad/bmm/workflows/2-plan/gdd/gdd-template.md","5a37c367bb2386b44587086b463d92e73e7a63a37abc772ba96617402a698cd3"
"md","horror","bmm","bmad/bmm/workflows/2-plan/gdd/game-types/horror.md","7ff7599d5701bb7a8ef0e14f3ba614626cdd0d8960a8e880fc1cd41c5f508f75"
"md","idle-incremental","bmm","bmad/bmm/workflows/2-plan/gdd/game-types/idle-incremental.md","515b52bb301e467c1f096cc55abde47159bb0b0d87157b9fa565973b48601ddf"
"md","infra-questions","bmm","bmad/bmm/workflows/3-solutioning/project-types/infra-questions.md","8c9522d5ac3077f898ffe22e861a9688099751f312e8539bf154853d3fcb4d99"
"md","infrastructure-architecture","bmm","bmad/bmm/workflows/3-solutioning/templates/infrastructure-architecture.md","bb1688916680cfe3d723d6991d68bf288931dc27713b5f5f27ec08955a57ef4f"
"md","instructions","bmm","bmad/bmm/workflows/1-analysis/brainstorm-game/instructions.md","f6573b528b179e9f848655d677556b8c0ddc59e0db5bcc85b971fb86bf00656b"
"md","instructions","bmm","bmad/bmm/workflows/1-analysis/brainstorm-project/instructions.md","6d64e2aba3e06314abf19cdc6433e3e08449cb48fc7d07f0b291610e2d974442"
"md","instructions","bmm","bmad/bmm/workflows/1-analysis/game-brief/instructions.md","db19699dad40f80a1e108954bf05af21b8f09fc4a20997f1bc4e6ada4fc5a22f"
"md","instructions","bmm","bmad/bmm/workflows/1-analysis/product-brief/instructions.md","b5adea3e658410faad8c2d0648c0231c014df4f0430a93658af52022e0f2378a"
"md","instructions","bmm","bmad/bmm/workflows/3-solutioning/instructions.md","6fd1939004b18954d1ed5ed4bacfdda35fee1f1387783d9fb0142e37c2c02803"
"md","instructions","bmm","bmad/bmm/workflows/3-solutioning/tech-spec/instructions.md","842387402996497f3000a37bbba0ae7e2e07a2a6f6824619cd6599346a9265d5"
"md","instructions","bmm","bmad/bmm/workflows/4-implementation/correct-course/instructions.md","f0a751f4138c56cfc066487c31963b02394358f5842dbe6c377cf1330a8b1ed8"
"md","instructions","bmm","bmad/bmm/workflows/4-implementation/create-story/instructions.md","07510910407ca9fe08797d138d79089620c9f809473ca6a6c55b68a5ebd9ca5f"
"md","instructions","bmm","bmad/bmm/workflows/4-implementation/dev-story/instructions.md","6b922f9697f651583cc011a60db082673561b7375196d1ef616a629e176292a5"
"md","instructions","bmm","bmad/bmm/workflows/4-implementation/retrospective/instructions.md","748403464988118ca4531192669bd32d9e9fa89c82d824b40c00cc98a09535c4"
"md","instructions","bmm","bmad/bmm/workflows/4-implementation/review-story/instructions.md","f5292cc98476c3aa15ba0ff9ca571e56e1e05ed0f846a131e1083aa237be2e33"
"md","instructions","bmm","bmad/bmm/workflows/4-implementation/story-context/instructions.md","38d244cbe0435dd94b215b5ad29b0fcf10a8298a69eef2f61e2c61c1f6a72f21"
"md","instructions","bmm","bmad/bmm/workflows/testarch/atdd/instructions.md","946b00119290758ab2900498f19ae3514e0d291eb65099c47ddbd793306d8e31"
"md","instructions","bmm","bmad/bmm/workflows/testarch/automate/instructions.md","b74121f6bc87ae73c8b7b8b2bc4257801262cb8924239ebe9a4e3228d042ac1d"
"md","instructions","bmm","bmad/bmm/workflows/testarch/ci/instructions.md","d2a8d515af18767d211909d91691ff41c6baa572d06f6778592b08b3fbd54148"
"md","instructions","bmm","bmad/bmm/workflows/testarch/framework/instructions.md","7065d32554f138f5af848759c96e55aca921fd5839f5dad593849e358132f002"
"md","instructions","bmm","bmad/bmm/workflows/testarch/gate/instructions.md","ea0f9bc1c67f2a1089f3d6937e851b8b74c0dde7d65f649f9301b0effd99b95d"
"md","instructions","bmm","bmad/bmm/workflows/testarch/nfr-assess/instructions.md","fbb0b3c5ad8210f522858e2daf872f2b050db898c4bb090056bf42980046d54b"
"md","instructions","bmm","bmad/bmm/workflows/testarch/test-design/instructions.md","293a06ff2ce67485d5acb8d262c0f8dff3b98c15af1848b4219bf14eaa7ea03a"
"md","instructions","bmm","bmad/bmm/workflows/testarch/trace/instructions.md","2861e1981f42bb0db09fa79ce2954836f5844ec8744ea2d33d3f05d3543963b2"
"md","instructions-deep-prompt","bmm","bmad/bmm/workflows/1-analysis/research/instructions-deep-prompt.md","ab168ee82ed5cc7a0d4a800cffe59ab2539c748e09aaf1a8a8fcff9edb0cc5c3"
"md","instructions-gdd","bmm","bmad/bmm/workflows/2-plan/gdd/instructions-gdd.md","335d5b8b3947febcf9407671147f66d20dcc39c1961b934b85bdafd9c26ebc46"
"md","instructions-lg","bmm","bmad/bmm/workflows/2-plan/prd/instructions-lg.md","8cda2f0bb420c7e1ef06bbabb86c9aece07a48fee6c5835a26d834afa8574129"
"md","instructions-market","bmm","bmad/bmm/workflows/1-analysis/research/instructions-market.md","fd2ee878b13975f12393752aab9fb7b72eaec17b56b7c3b7edb93ef9d9146214"
"md","instructions-med","bmm","bmad/bmm/workflows/2-plan/prd/instructions-med.md","3deeed928b497f91db79c5b49e70b647959e48f1e9d5a484a20f3b98ec7e7706"
"md","instructions-narrative","bmm","bmad/bmm/workflows/2-plan/narrative/instructions-narrative.md","ee57ee3c6360d3cfa814405bf10195cf6dd4fea7973e18b087ec0bb4fdb99c63"
"md","instructions-router","bmm","bmad/bmm/workflows/1-analysis/research/instructions-router.md","761d0b71bc7d4508b54cfbd89fe7654badad34cf329a0eab2d4b88b13bb9835c"
"md","instructions-router","bmm","bmad/bmm/workflows/2-plan/instructions-router.md","784e0366c179b9ef35bb01aeba1e8b6b68bd64c64b0ceeb12201042f69ccfc3b"
"md","instructions-sm","bmm","bmad/bmm/workflows/2-plan/tech-spec/instructions-sm.md","0dd9fbdd2a96482798f9db8c851d42ddbea021eac0b1bb8130f3986a987e51c2"
"md","instructions-technical","bmm","bmad/bmm/workflows/1-analysis/research/instructions-technical.md","1a67b55ac8a7ad251b86b9b4e7fc16afdff1d10816f2d980f3d95408f4d538a9"
"md","instructions-ux","bmm","bmad/bmm/workflows/2-plan/ux/instructions-ux.md","5c97779f0dc7c2853da25821b5b28b08494152bd8519e0741a6e61a75a3d62ee"
"md","library-package-architecture","bmm","bmad/bmm/workflows/3-solutioning/templates/library-package-architecture.md","bb1688916680cfe3d723d6991d68bf288931dc27713b5f5f27ec08955a57ef4f"
"md","library-questions","bmm","bmad/bmm/workflows/3-solutioning/project-types/library-questions.md","1a21b0345744a108590f293a492345bb6370af561a7875985f6307816df178ae"
"md","metroidvania","bmm","bmad/bmm/workflows/2-plan/gdd/game-types/metroidvania.md","2a8c101dda7911d1cd1d9c66d1be86af3725832f5dcc7fab71e95204f45614ea"
"md","moba","bmm","bmad/bmm/workflows/2-plan/gdd/game-types/moba.md","92d0ba9f7508a38d5bfeac1651c6aee8a1a58c54659ad3f0e0d1fd678a1ef498"
"md","mobile-app-architecture","bmm","bmad/bmm/workflows/3-solutioning/templates/mobile-app-architecture.md","bb1688916680cfe3d723d6991d68bf288931dc27713b5f5f27ec08955a57ef4f"
"md","mobile-questions","bmm","bmad/bmm/workflows/3-solutioning/project-types/mobile-questions.md","5b44cf9cac7d035ec754e335be8ba78046f70934825d074c474be29938075440"
"md","narrative-template","bmm","bmad/bmm/workflows/2-plan/narrative/narrative-template.md","a97e07173c540f85e946eb9c525e1ccad9294ae5f970760f2a9c537b5c0dcd6b"
"md","network-first","bmm","bmad/bmm/testarch/knowledge/network-first.md","555dbb40e8e3e17d09e1bf3532d46c28a13fc5c868942b04f27937bcb6365ee8"
"md","nfr-criteria","bmm","bmad/bmm/testarch/knowledge/nfr-criteria.md","384beb17c8d127cc0a26ddf55a71a4c75c770517b1454ee3177500a93d7b558e"
"md","party-game","bmm","bmad/bmm/workflows/2-plan/gdd/game-types/party-game.md","0cc50b3aede0c45c94cdff743cdac2d8ad67421ea80497a29d2300a1744ea703"
"md","playwright-config","bmm","bmad/bmm/testarch/knowledge/playwright-config.md","6583c48c974f1be27bd0ac4f33c19de96f3714fa86a3b5e39cfcaa7adb90614c"
"md","pm","bmm","bmad/bmm/agents/pm.md","4a057aac4080e30b922436cbf752d746c6a8e675e093d94703611a4706812133"
"md","po","bmm","bmad/bmm/agents/po.md","31a546b45e0064468d3348a8d34cf4d76e485e1382ded1a0063e96045cf839b6"
"md","prd-template","bmm","bmad/bmm/workflows/2-plan/prd/prd-template.md","db91b88f1457b95b6e44b8eeaf57b54b075f3300cb7d71294d12848d5c4beef6"
"md","probability-impact","bmm","bmad/bmm/testarch/knowledge/probability-impact.md","6786eb7162bddaa0b8b66d612082de1c2837e5740776436cc3e973fb7f972a65"
"md","project-context","bmm","bmad/bmm/workflows/1-analysis/brainstorm-project/project-context.md","0f1888da4bfc4f24c4de9477bd3ccb2a6fb7aa83c516dfdc1f98fbd08846d4ba"
"md","puzzle","bmm","bmad/bmm/workflows/2-plan/gdd/game-types/puzzle.md","f9c08b6f087bfaa41ea08c9dfa78aa034f5ae46b627b9f476bdf8b4f5c3389ed"
"md","racing","bmm","bmad/bmm/workflows/2-plan/gdd/game-types/racing.md","085ea5d0914d7bc6a233c479d0ad6288a575ad1c8b9a8a85881e779fac0e60fc"
"md","README","bmm","bmad/bmm/testarch/README.md","9adbee749e3b311d14ff7e317d690ff857eeb40bb4bb6465e2de16077eb68c9d"
"md","README","bmm","bmad/bmm/workflows/1-analysis/game-brief/README.md","cc922fd97a0fb4aab624e35e24ada783fdbd4b057b8a8e2f8c550087f1725596"
"md","README","bmm","bmad/bmm/workflows/1-analysis/product-brief/README.md","e891a719ac22e5cd754b55efc7b2f367094c8fa00e802139b3cb1f9fabf1c559"
"md","README","bmm","bmad/bmm/workflows/1-analysis/research/README.md","e365d495308a23d6163f3353c4efa254ecaef0ef9ecf7427398509de751ca207"
"md","README","bmm","bmad/bmm/workflows/2-plan/README.md","5a648eff915bb554e9b323cab78d21061ed97345488e6855563e113e063764f6"
"md","README","bmm","bmad/bmm/workflows/2-plan/gdd/README.md","2dfdc93ab6c9c5982c3a79bb184cd468fd59a44565ad23188a4a1a8f32208588"
"md","README","bmm","bmad/bmm/workflows/3-solutioning/README.md","535dfb7874538a6c6184cc57f3b5f8d5ef49388f8125255fd5fcaec34418ec64"
"md","README","bmm","bmad/bmm/workflows/3-solutioning/tech-spec/README.md","c9cdbdd691fcf63e4ed38e4a2998739c07ce57d63b5464da4545835fe030812d"
"md","README","bmm","bmad/bmm/workflows/4-implementation/create-story/README.md","d5a28a9f63b6c37ab1ee2065ad04b60b838a8f276d94d0b72b3cc43fac59f425"
"md","README","bmm","bmad/bmm/workflows/4-implementation/dev-story/README.md","f104aacf35b9192e0be9d1d994052a4bded2a159f3cd42b7fa630ab9d26bdf03"
"md","README","bmm","bmad/bmm/workflows/4-implementation/review-story/README.md","bf8aacb0692173df34923cb643372403a7c1cd83d1457c68fa6c38f2c5e18207"
"md","README","bmm","bmad/bmm/workflows/4-implementation/story-context/README.md","aadd2d77c2c254a358a0b91f4db48a1ad69815226120fab74ebc40bc209f8246"
"md","README","bmm","bmad/bmm/workflows/testarch/README.md","d148c9ec9430f492c81d8e91fd4a2fab144a9ce80583dfdaa8acd120b572a735"
"md","retrospective","bmm","bmad/bmm/tasks/retrospective.md","0430328d27ee84c49841a8362a74714acbcbb82e6e14c256c3a7ee4eaa1b37e8"
"md","rhythm","bmm","bmad/bmm/workflows/2-plan/gdd/game-types/rhythm.md","83bbf1761fdc604b8c2b50ed86c5874cce331417e1b3a46c65cb6c4c1a7c8db2"
"md","risk-governance","bmm","bmad/bmm/testarch/knowledge/risk-governance.md","2642089dddb690f71008c7986f770bf486e711e820d36226df721d356045b4f9"
"md","roguelike","bmm","bmad/bmm/workflows/2-plan/gdd/game-types/roguelike.md","fb1ebc838011020a6f740e6fb4f2ceb81be8477f9c67bc7ae3a8e34dfe548f00"
"md","rpg","bmm","bmad/bmm/workflows/2-plan/gdd/game-types/rpg.md","5aa57ecefb448a0507ee0c8d503b43bd34d0c612ba130240d1af9842b80cba50"
"md","sandbox","bmm","bmad/bmm/workflows/2-plan/gdd/game-types/sandbox.md","836f656bbaae549f31ac574c0865a61de451c08ab8c561db2c93398e147ece85"
"md","selective-testing","bmm","bmad/bmm/testarch/knowledge/selective-testing.md","e669fb7a5e897efefa582f96807800625bea5cb73bfab9eadf564a8477d77f2a"
"md","shooter","bmm","bmad/bmm/workflows/2-plan/gdd/game-types/shooter.md","2452850295ac2b9fac04ce2d6126bfc19bb7dccbb04c40e7f89c801aecc5555d"
"md","simulation","bmm","bmad/bmm/workflows/2-plan/gdd/game-types/simulation.md","fd74a7d21243f8d9827fe6a99263579309bc0aabd9e56261d3dd4eb5cfc75ad5"
"md","sm","bmm","bmad/bmm/agents/sm.md","acbc18b5444711b849fc4c74e8916cd7cef33c10bc5c4b4fd0cc3b3dd9dec791"
"md","sports","bmm","bmad/bmm/workflows/2-plan/gdd/game-types/sports.md","2247ea87dbca74e879f8c686d9e80434618e9e61bd3572739274c1af64cb0bb8"
"md","strategy","bmm","bmad/bmm/workflows/2-plan/gdd/game-types/strategy.md","997380919f6c1b408906c364f74e728b9c6b45bf2960d1f0bfe8b0def594735e"
"md","survival","bmm","bmad/bmm/workflows/2-plan/gdd/game-types/survival.md","3647795ee0073a85217633412a41a938e51a553776acbe9ac953fb403e3437f9"
"md","tea","bmm","bmad/bmm/agents/tea.md","b3c22da5b55c3c2c4912bc04c2b605c6b5cf992e1ad31464d33352eb8e473fd2"
"md","tech-spec-template","bmm","bmad/bmm/workflows/2-plan/tech-spec/tech-spec-template.md","79e0b33c3e191603160bf2e6f11497ff3be010878cd1008dc986e2b957a9230c"
"md","template","bmm","bmad/bmm/workflows/1-analysis/game-brief/template.md","6d5555fae3763e8528898663d51276e0cc7d2d9725a8c74162d8e9732dbc5843"
"md","template","bmm","bmad/bmm/workflows/1-analysis/product-brief/template.md","6e80489578bf0908c70742b36997007ea3978bcd14af7ee6b1dca5d54679090e"
"md","template","bmm","bmad/bmm/workflows/3-solutioning/tech-spec/template.md","f27cf5523b383afa33918f02d2ecf37bd2fb514e3eff3a6b423684667d8678f0"
"md","template","bmm","bmad/bmm/workflows/4-implementation/create-story/template.md","4b94d18a0ab63c729e62428a462eaa3ac72e5152647e4f99758ee2223ea7ccea"
"md","template-deep-prompt","bmm","bmad/bmm/workflows/1-analysis/research/template-deep-prompt.md","2e65c7d6c56e0fa3c994e9eb8e6685409d84bc3e4d198ea462fa78e06c1c0932"
"md","template-market","bmm","bmad/bmm/workflows/1-analysis/research/template-market.md","28631d8693beac54f4b47f38b143d5efc91f8ed7673e396a7b40304db7eba6cb"
"md","template-technical","bmm","bmad/bmm/workflows/1-analysis/research/template-technical.md","6f571c638c9d2f12ded2cf82ed7c5064a25e99f197fcd42dc558cb45e7ebaf93"
"md","test-levels-framework","bmm","bmad/bmm/testarch/knowledge/test-levels-framework.md","85feecbee24c2e2efa7e3a7c5b455eddfad2f262ffe3ee84b7759c45576b3f10"
"md","test-priorities-matrix","bmm","bmad/bmm/testarch/knowledge/test-priorities-matrix.md","b18dfbb0d81112d1333ad5abe29ef719b72906d013679347c9e019fef33958fe"
"md","test-quality","bmm","bmad/bmm/testarch/knowledge/test-quality.md","314e926651965c9bd535b41d17bb378232b23c08d13b997d947331f2f073b504"
"md","text-based","bmm","bmad/bmm/workflows/2-plan/gdd/game-types/text-based.md","5895ca65dc93f676bb33b754f2c6be85d5d9b651df87d8431d404dc9bb736ee7"
"md","tower-defense","bmm","bmad/bmm/workflows/2-plan/gdd/game-types/tower-defense.md","03a2cc577fdd1a183ba04409b01b22f2f38713d28f1278481b0f221858f97ec8"
"md","turn-based-tactics","bmm","bmad/bmm/workflows/2-plan/gdd/game-types/turn-based-tactics.md","30a150d8a0ab746f0c67d414be79e7e421fff1b8b7a1b716e64800df72bdb6c2"
"md","ux-expert","bmm","bmad/bmm/agents/ux-expert.md","661ce176a73aa84bfffdd4f7333b7965ae45df13c12ce48062a41182430b5cd6"
"md","ux-spec-template","bmm","bmad/bmm/workflows/2-plan/ux/ux-spec-template.md","b04fa73b5cc1c835f0ddd7a8699b458b8631ecd4add2fb0be4f47b8ba5bfd54e"
"md","visual-debugging","bmm","bmad/bmm/testarch/knowledge/visual-debugging.md","8c0c625f73761c318fc05cdbc57f4ed21a871d9fe2df2ffba91f8ec7c9835032"
"md","visual-novel","bmm","bmad/bmm/workflows/2-plan/gdd/game-types/visual-novel.md","2d98f4c682f0abbd6330ac1bad04600c596e6b27302adbe9510fc0c0bf53052c"
"md","web-api-architecture","bmm","bmad/bmm/workflows/3-solutioning/templates/web-api-architecture.md","bb1688916680cfe3d723d6991d68bf288931dc27713b5f5f27ec08955a57ef4f"
"md","web-fullstack-architecture","bmm","bmad/bmm/workflows/3-solutioning/templates/web-fullstack-architecture.md","48f17f9a8063af9bc123967abb143c45a69c1742e8573807948768733cd680d3"
"md","web-questions","bmm","bmad/bmm/workflows/3-solutioning/project-types/web-questions.md","0f214e0a4a9e81eb9994a3f1d82ef2c5358e97baa2ca6320ba0a7a73747fa4aa"
"xml","context-template","bmm","bmad/bmm/workflows/4-implementation/story-context/context-template.xml","6b88d07ff10f51bb847d70e02f22d8927beb6ef1e55d5acf647e8f23b5821921"
"yaml","config","bmm","bmad/bmm/config.yaml","fb170d05dba04b8d3838b203e84e291b4ba14bf8c94fb0c9bcf0b2fbe3d276f4"
"yaml","injections","bmm","bmad/bmm/workflows/1-analysis/research/claude-code/injections.yaml","dd6dd6e722bf661c3c51d25cc97a1e8ca9c21d517ec0372e469364ba2cf1fa8b"
"yaml","team-all","bmm","bmad/bmm/teams/team-all.yaml","65e3087d727efdec02565758c1bd07e13e7dff0e102847d4dd65e0e77a88debc"
"yaml","team-dev","bmm","bmad/bmm/teams/team-dev.yaml","55548a4b7b92d3b5185e40e82e71f2e1d8c047512bbdbd1ed181ec69d0ea5ec1"
"yaml","team-gamedev","bmm","bmad/bmm/teams/team-gamedev.yaml","74f8951a5e57ff1687ec5f79c8f58e8d78d55a80bdd96d8b825f1f321c39ba25"
"yaml","workflow","bmm","bmad/bmm/workflows/1-analysis/brainstorm-game/workflow.yaml","721501249e14a8860224514ab071b7fd304320dd735e56f248bb0f06f26d466b"
"yaml","workflow","bmm","bmad/bmm/workflows/1-analysis/brainstorm-project/workflow.yaml","e8c1c6853d43901e4dc970189aef27495cfe9a366759350d161a34fa38fee785"
"yaml","workflow","bmm","bmad/bmm/workflows/1-analysis/game-brief/workflow.yaml","b3d3f58c4119ed0db6c4d24bc5be30489057504b023f42fcb168e3d93be52357"
"yaml","workflow","bmm","bmad/bmm/workflows/1-analysis/product-brief/workflow.yaml","0a95dea856d0b8142815d229fcdff5a98d2e946888c64b262124f6afa906425e"
"yaml","workflow","bmm","bmad/bmm/workflows/1-analysis/research/workflow.yaml","60477226a00e4b865a6f0980018bacd30372a79715e9de3c2daee3456a8eac6b"
"yaml","workflow","bmm","bmad/bmm/workflows/2-plan/workflow.yaml","a3f5846a556a49477b1b14ce7667bf235a211c8c305d3f6e4979adce6c2b6fee"
"yaml","workflow","bmm","bmad/bmm/workflows/3-solutioning/tech-spec/workflow.yaml","e965596daac7d0232751301af91b3d15d8e828f9104c5b2bfc79ec362112f733"
"yaml","workflow","bmm","bmad/bmm/workflows/3-solutioning/workflow.yaml","6c703cf15b931a96ba563e5d06b96b629ade0e890e7d6c792ec404cceff92fb8"
"yaml","workflow","bmm","bmad/bmm/workflows/4-implementation/correct-course/workflow.yaml","e22bce828e334a2bb37379162c1706a8dd09d9bf73d1e0315b20fb4cfa173d25"
"yaml","workflow","bmm","bmad/bmm/workflows/4-implementation/create-story/workflow.yaml","b03ea6114392d28adb7915354f41401818e54f5ff24a1938813f04d41740b233"
"yaml","workflow","bmm","bmad/bmm/workflows/4-implementation/dev-story/workflow.yaml","c99b6cb5b984998d07295af636af37dd3a8cba3e07376de2e4b448294cd80f39"
"yaml","workflow","bmm","bmad/bmm/workflows/4-implementation/retrospective/workflow.yaml","a61ceccede31fbb12fed83c1d70f89d9ee376f84c0a5dbc18a5570c420e1c27f"
"yaml","workflow","bmm","bmad/bmm/workflows/4-implementation/review-story/workflow.yaml","9141ed4d53b7de733faf82541427c5ca83e86a26d61546a1b2952051d9b1f081"
"yaml","workflow","bmm","bmad/bmm/workflows/4-implementation/story-context/workflow.yaml","130817c35bb68ea698a8100c80238471a505deb89882b9e09a58058667c93dbe"
"yaml","workflow","bmm","bmad/bmm/workflows/testarch/atdd/workflow.yaml","c1c0206042dc9b96b4a717b5187a4cf5c0254256625ff7b88c0c32094c419d4d"
"yaml","workflow","bmm","bmad/bmm/workflows/testarch/automate/workflow.yaml","d4f0ae9520e8515ce1cef5372993ad721cf3389167815f00a8fbd93d5fc4d9de"
"yaml","workflow","bmm","bmad/bmm/workflows/testarch/ci/workflow.yaml","303c2cae23251d7ebb400987dbaf422cb6aebe6b77cb886aafb0ac2eb9dbe2ac"
"yaml","workflow","bmm","bmad/bmm/workflows/testarch/framework/workflow.yaml","328d7e7e0edbbaff18761e1fe0e753f985b25028611f363ae84d09115160620f"
"yaml","workflow","bmm","bmad/bmm/workflows/testarch/gate/workflow.yaml","86eb4a240f10adad14ee211e2be1ca89bf31a41b9f5a8e7bb0719caf32405912"
"yaml","workflow","bmm","bmad/bmm/workflows/testarch/nfr-assess/workflow.yaml","9372ffd0c107bebc58cd93fb9bf8e7d0e4cdb5e55eabebaf6a7a821cc946c7e1"
"yaml","workflow","bmm","bmad/bmm/workflows/testarch/test-design/workflow.yaml","08fe57d8bf91c6866699bce92ea05b1e694aa72fde2a3b530833a1556e2fef1a"
"yaml","workflow","bmm","bmad/bmm/workflows/testarch/trace/workflow.yaml","0b841730236e0e0a140dfd99a82ab66cec26930f07fe3bb9154cc02e8bb9d29d"
"csv","brain-methods","cis","bmad/cis/workflows/brainstorming/brain-methods.csv","ecffe2f0ba263aac872b2d2c95a3f7b1556da2a980aa0edd3764ffb2f11889f3"
"csv","design-methods","cis","bmad/cis/workflows/design-thinking/design-methods.csv","f5fe4a911305fb94af37d21d3a74847eb37a028ef9da994459a2c64a5a52c9de"
"csv","innovation-frameworks","cis","bmad/cis/workflows/innovation-strategy/innovation-frameworks.csv","59780af3d50270bf978a9a8919cd156d38678f32cbac4f9fd960a074545b8e33"
"csv","solving-methods","cis","bmad/cis/workflows/problem-solving/solving-methods.csv","c0aa9c9ed2cee8c86d9a0691d9884485495da104c42e4909e3ee235432f72a13"
"csv","story-types","cis","bmad/cis/workflows/storytelling/story-types.csv","ec5a3c713617bf7e2cf7db439303dd8f3363daa2f6db20a350c82260ade88bdb"
"md","brainstorming-coach","cis","bmad/cis/agents/brainstorming-coach.md","85a0ff5bfbb8d19867162e487d1ae765090eae5321dfe14298d47821272db45a"
"md","creative-problem-solver","cis","bmad/cis/agents/creative-problem-solver.md","1cb83b5384d46f86cf7a3a87225b65d99fe9f817394c07261f41fcc4d0e0e0be"
"md","design-thinking-coach","cis","bmad/cis/agents/design-thinking-coach.md","0963cbd71eacbf8e96382c19a53036cdea6a1d84e2104668bf702b836fdbe765"
"md","innovation-strategist","cis","bmad/cis/agents/innovation-strategist.md","cfd9aa41a81edcec0d7fe487998aa68ba7ac0dec500d6d6bfd799978f5ed270b"
"md","instructions","cis","bmad/cis/workflows/brainstorming/instructions.md","16c0f79a1e3c8533b5f78603181e363f934e0882a680f90c186e70ed69dece66"
"md","instructions","cis","bmad/cis/workflows/design-thinking/instructions.md","979d733e05a78591ef21924d9d595b89952d5fbc9ae691d22401479a91b598dc"
"md","instructions","cis","bmad/cis/workflows/innovation-strategy/instructions.md","764311efb548a996cbd9b6b301ccf81016bd2f1e4a04f67db9097b4875b9329a"
"md","instructions","cis","bmad/cis/workflows/problem-solving/instructions.md","58a88457300b6b7a4d62ba9b01062550688b7eb3a07465c32386760f6fd9b4f2"
"md","instructions","cis","bmad/cis/workflows/storytelling/instructions.md","69db38709fab4a28a6d05ba37a90f39f46632af8ea1a6da21c934f1742e3618e"
"md","readme","cis","bmad/cis/readme.md","1f1476a033812c687724619f8bb00eb9c994ecff7dc08c52bd92cfb9f822b6f1"
"md","README","cis","bmad/cis/agents/README.md","dd7276c44ba77e9d856efaa9587666267279564a3f930398869f475341cd9c38"
"md","README","cis","bmad/cis/workflows/README.md","91b568dcdda5ba635f4c0cc3ff72329532637de2ecb5a2758642ce4c2d4bf817"
"md","README","cis","bmad/cis/workflows/brainstorming/README.md","ca469d9fbb2b9156491d160e11e2517fdf85ea2c29f41f92b22d4027fe7d9d2a"
"md","README","cis","bmad/cis/workflows/design-thinking/README.md","0a38f88352dc4674f6e1f55a67ffebf403bf329c874a21a49ce7834c08f91f62"
"md","README","cis","bmad/cis/workflows/innovation-strategy/README.md","820a9e734fadf2cfac94d499cec2e4b41a54d054c0d2f6b9819da319beee4fb9"
"md","README","cis","bmad/cis/workflows/problem-solving/README.md","a5e75b9899751d7aabffcf65785f10d4d2e0455f8c7c541e8a143e3babceca8b"
"md","README","cis","bmad/cis/workflows/storytelling/README.md","1bad4223dce51cb5a7ab8c116467f78037a4583d3a840210ee2f160ad15b71ee"
"md","storyteller","cis","bmad/cis/agents/storyteller.md","22466216a42878de73f5977b8f4596501ffe2ec9c7c9384e01d2a7d5784aa4d8"
"md","template","cis","bmad/cis/workflows/brainstorming/template.md","b5c760f4cea2b56c75ef76d17a87177b988ac846657f4b9819ec125d125b7386"
"md","template","cis","bmad/cis/workflows/design-thinking/template.md","7834c387ac0412c841b49a9fcdd8043f5ce053e5cb26993548cf4d31b561f6f0"
"md","template","cis","bmad/cis/workflows/innovation-strategy/template.md","3e649531c0d8ac94e147159cd456aa0e1726439e8518c3ccc2ad08fc486aed59"
"md","template","cis","bmad/cis/workflows/problem-solving/template.md","6c9efd7ac7b10010bd9911db16c2fbdca01fb0c306d871fa6381eef700b45608"
"md","template","cis","bmad/cis/workflows/storytelling/template.md","461981aa772ef2df238070cbec90fc40995df2a71a8c22225b90c91afed57452"
"yaml","config","cis","bmad/cis/config.yaml","a4b45195552f5eeb0bf9a061d68a07ca9cd94a77a07533ca9350105552e921b7"
"yaml","creative-squad","cis","bmad/cis/teams/creative-squad.yaml","5c31e9dd98fff661baa82e71ae3dd5856883fabbc245a62e28a77c4e2df83dec"
"yaml","workflow","cis","bmad/cis/workflows/brainstorming/workflow.yaml","815924c7f9b515ceada1f810edf1beba8d71b41f80fec77a3384f317b751190c"
"yaml","workflow","cis","bmad/cis/workflows/design-thinking/workflow.yaml","a1978e265f0470c7b77ba9279609c690a179b0fc4437aaeb53ea49818a858110"
"yaml","workflow","cis","bmad/cis/workflows/innovation-strategy/workflow.yaml","f1b6617afd69b0c3bcd3fc1dcdc74a22ff1f77b47ee04d49d7cf5e884540c958"
"yaml","workflow","cis","bmad/cis/workflows/problem-solving/workflow.yaml","f5b16fb8c5b91b3e5f828f722fd46f40741d1407155207c0cd0042534b202264"
"yaml","workflow","cis","bmad/cis/workflows/storytelling/workflow.yaml","c867f8bef9954973fd9dd73e063060a9b9c4a1ad8273cc68ead55e6d8c8701d3"
"csv","adv-elicit-methods","core","bmad/core/tasks/adv-elicit-methods.csv","b4e925870f902862899f12934e617c3b4fe002d1b652c99922b30fa93482533b"
"md","adv-elicit","core","bmad/core/tasks/adv-elicit.md","97c231eb1b5370dd0d1501e3f70807ddcd6b9f8acfef9c19106c3f8c3adc2335"
"md","bmad-master","core","bmad/core/agents/bmad-master.md","00e4dfbb45fa4cc9d49e3f946e0f450306d958ef30698b4c662d8dce3947d8a3"
"md","index-docs","core","bmad/core/tasks/index-docs.md","e05a37b2af9479eb148ff5514b37a179d51b08d377b3016713155c3a2b6de888"
"md","instructions","core","bmad/core/workflows/bmad-init/instructions.md","f4eff0e5f8c060126cb3027e3b0a343451ff25cd8fac28551e70281c3b16a5b2"
"md","instructions","core","bmad/core/workflows/party-mode/instructions.md","7ad1d60c4cd53c0337d84bca99f59d6ba2730e1d00c96a86d6f99b79e352ba7f"
"md","shard-doc","core","bmad/core/tasks/shard-doc.md","ad25345eaccf8ea8818c2dda4eb3ad5f75a45e9303f62d43c78cc78eb3e0f689"
"md","validate-workflow","core","bmad/core/tasks/validate-workflow.md","234ec85604f5610c308980e8f5d538a60fff315190d8ab02660a79d5dd5e1b00"
"md","workflow","core","bmad/core/tasks/workflow.md","137ee1bb408fe73e472bfcc4060e2c883b9cb345146ab2091ee01279d84b1ad6"
"yaml","config","core","bmad/core/config.yaml","cdc8ced73a1d4ffe65ee71969402f6a5cb6ced378e9f53786cb852ea165b06e2"
"yaml","workflow","core","bmad/core/workflows/bmad-init/workflow.yaml","ec0b25447d888267f37195cb12e8f2d3eedc42193b04e2ea1e906766b58b7f78"
"yaml","workflow","core","bmad/core/workflows/party-mode/workflow.yaml","ad3962ccfb35860b239fc67f6fadfdb6bb287ae29e859e572575b7fcc2b12e37"
